17-05-318,,"['SIGNPEN, RED, LIQUID GEL INK, 0.5MM NEEDLE TIP, PENTEL ENERJEL BRAND']"
17-05-360,,['BALLPEN FINE POINT BLUE']
17-06-376,,"['FLASH DRIVE 16GB, USB VERSION 2.0 PORT COMPATIBLE, PLUG AND PLAY APACER BRAND']"
17-06-379,,"['MAGAZINE FILE, W/ COVER, (cartile w/ operable cover holds up to A4 and Legal)']"
17-012-002,Taguig Branch,"['GLUE,  ALL PURPOSE IN JAR W/APPLICATOR 300 GRAMS', 'CHALK WHITE DUSTLESS, DURA SMOOTH, 100/BXS', 'CLIP PAPER, GEM TYPE 32MM (1""), VINYL COATED, 100/BOX RAINBOW', 'PUSH PIN, FLAT HEAD TYPE , ASSORTED COLORS, 100PCS/CASE', 'STAPLE WIRE, Standard, No.35', 'CARBON PAPER, LONG, 100/BXS', 'BALLPEN FINE POINT BLACK (12pcs./Box)', 'BALLPEN FINE POINT BLUE', 'BALLPEN FINE POINT RED', 'CORRECTION FLUID WATER BASE 15 ML', 'CORRECTION TAPE, DISPOSABLE, USABLE LENGTH OF 6MTRS. THICKNESS', 'ENVELOPE DOCUMENTARY -GOLDEN KRAFT BROWN LONG 10 X 15', 'ENVELOPE EXPANDING, LONG', 'ENVELOPE, MAILING, WHITE,  500/BX LONG', 'FLASH DRIVE 16GB, USB VERSION 2.0 PORT COMPATIBLE, PLUG AND PLAY APACER BRAND', 'FOLDER SHORT TAG BOARD 14 POINTS LETTER SIZE', 'FOLDER SHORT TAG BOARD 14 POINTS LETTER SIZE', 'FOLDER, PRESSBOARD , LEGAL PAPER BOARD.,100/PACK', 'MARKER, HIGHLIGHTER ASSORTED, NON TOXIC SMELL', 'MARKING PEN WHITEBOARD, BLACK', 'MARKING PEN WHITEBOARD, BLUE', 'MARKING PEN WHITEBOARD, RED', 'PENCIL LEAD W/ ERASER', 'RECORD BOOK , 300 PAGES', 'RULER, 12""', 'SCISSORS, 158MM MIN. LENGTH, SYMMETRICAL, JOY BRAND', 'SIGNPEN, BLACK, LIQUID GEL INK, 0.5MM NEEDLE TIP, PENTEL ENERJEL BRAND', 'SIGNPEN, BLUE, LIQUID GEL INK, 0.5MM NEEDLE TIP, PENTEL ENERJEL BRAND', 'TAPE DISPENCER, HEAVY DUTY 25MM (1) WIDTH TRANS. TAPE ""', 'TAPE MASKING 1"", 24MM', 'TAPE, TRANSPARENT, 1"" 24 MM ARMAK BRAND', 'TONER HP LASERJET PRINT CARTRIDGE 35A', 'PAPER BOND ,WHITE, SHORT, 70 GSM']"
17-06-375,ADMISSION OFF,"['SCISSORS, 158MM MIN. LENGTH, SYMMETRICAL, JOY BRAND']"
17-02-142,ALFONSO BRANCH,"['FASTENER, METAL', 'RUBBER BAND', 'FOLDER LONG TAG BOARD 14 POINTS LEGAL SIZE', 'RECORD BOOK , 300 PAGES', 'SIGNPEN, BLACK, LIQUID GEL INK, 0.5MM NEEDLE TIP, PENTEL ENERJEL BRAND', 'STAPLER, HEAVY DUTY', 'TAPE MASKING 1"", 24MM', 'TAPE, TRANSPARENT, 1"" 24 MM ARMAK BRAND', 'PAPER BOND WHITE LONG, 70 GSM PG 8-1/2 X 13""""', 'PAPER BOND ,WHITE, SHORT, 70 GSM']"
17-02-156,ALFONSO BRANCH,"['PAPER BOND WHITE LONG, 70 GSM PG 8-1/2 X 13""""', 'PAPER BOND ,WHITE, SHORT, 70 GSM']"
18-02-022,Alumni Relations and Career Development Office,"['ALCOHOL, RUBBING, 70%', 'STAPLE WIRE, Standard, No.35', 'BALLPEN FINE POINT BLACK (12pcs./Box)', 'ERASER, RUBBER, RECTANGULAR, PLATON BRAND', 'MARKING PEN PERMANENT BLACK', 'SIGNPEN, BLACK, LIQUID GEL INK, 0.5MM NEEDLE TIP, PENTEL ENERJEL BRAND', 'TAPE MASKING 1"", 24MM', 'TAPE, TRANSPARENT, 1"" 24 MM ARMAK BRAND', 'TONER CARTRDGE, HP LASER JET 85A (CE285AC) (P1102)', 'TONER FOR  KYOCERA MITA, MODEL KM-2820 (TK-135)', 'PAPER BOND ,WHITE, SHORT, 70 GSM']"
17-02-166,AMO,"['CLIP, BACKFOLD, 32MM(1 1/4)  ALL METAL, 12PCS/BOX', 'BALLPEN FINE POINT BLACK (12pcs./Box)']"
17-02-170,AMO,"['ALCOHOL, RUBBING, 70%', 'BALLPEN FINE POINT BLACK (12pcs./Box)']"
17-02-166,AMS,"['FLASH DRIVE 16GB, USB VERSION 2.0 PORT COMPATIBLE, PLUG AND PLAY APACER BRAND', 'FOLDER LONG TAG BOARD 14 POINTS LEGAL SIZE', 'FOLDER SHORT TAG BOARD 14 POINTS LETTER SIZE', 'FOLDER, PRESSBOARD , LEGAL PAPER BOARD.,100/PACK', 'MARKER, HIGHLIGHTER ASSORTED, NON TOXIC SMELL', 'MAGAZINE FILE, W/ COVER, (cartile w/ operable cover holds up to A4 and Legal)', 'SIGNPEN, BLACK, LIQUID GEL INK, 0.5MM NEEDLE TIP, PENTEL ENERJEL BRAND', 'TONER CARTRDGE, HP LASER JET 85A (CE285AC) (P1102)', 'TONER HP LASERJET PRINT CARTRIDGE 3050/Q2612AC', 'PAPER BOND WHITE LONG, 70 GSM PG 8-1/2 X 13""""', 'PAPER BOND ,WHITE, SHORT, 70 GSM', 'HARD DRIVE, EXTERNAL, 1TB, 2.5mm HDD, 3.0 USB']"
17-02-170,AMS,"['GLUE,  ALL PURPOSE IN JAR W/APPLICATOR 300 GRAMS', 'FLASH DRIVE 16GB, USB VERSION 2.0 PORT COMPATIBLE, PLUG AND PLAY APACER BRAND', 'FOLDER LONG TAG BOARD 14 POINTS LEGAL SIZE', 'MAGAZINE FILE, LONG DBM', 'MARKING PEN PERMANENT BLACK', 'PENCIL LEAD W/ ERASER', 'RULER, 12""', 'SCISSORS, 158MM MIN. LENGTH, SYMMETRICAL, JOY BRAND', 'TAPE, TRANSPARENT, 1"" 24 MM ARMAK BRAND', 'TOILET, TISSUE PAPER, 2PLY SHEET/12RLS /PACK', 'TONER CARTRDGE, HP LASER JET 85A (CE285AC) (P1102)', 'TONER HP LASERJET PRINT CARTRIDGE 3050/Q2612AC', 'TAPE, PACKAGING, 2""']"
17-05-315,AMS,"['GLUE,  ALL PURPOSE IN JAR W/APPLICATOR 300 GRAMS', 'CLIP PAPER, GEM TYPE 32MM (1""), VINYL COATED, 100/BOX RAINBOW', 'CLIP, BACKFOLD, 19MM ("") ALL METAL, 12PCS/BOX', 'CLIP, BACKFOLD, 25MM (1"") ALL METAL, 12PCS/BOX', 'CLIP, BACKFOLD, 50MM(2)  ALL METAL, 12PCS/BOX', 'FASTENER, METAL', 'STAPLE WIRE, Standard, No.35', 'AIR FRESHNER', 'CORRECTION TAPE, DISPOSABLE, USABLE LENGTH OF 6MTRS. THICKNESS', 'FLASH DRIVE 16GB, USB VERSION 2.0 PORT COMPATIBLE, PLUG AND PLAY APACER BRAND', 'FOLDER LONG TAG BOARD 14 POINTS LEGAL SIZE', 'FOLDER SHORT TAG BOARD 14 POINTS LETTER SIZE', 'MAGAZINE FILE, LONG DBM', 'MARKING PEN PERMANENT BLACK', 'MAGAZINE FILE, W/ COVER, (cartile w/ operable cover holds up to A4 and Legal)', 'PENCIL LEAD W/ ERASER', 'RECORD BOOK , 300 PAGES', 'SIGNPEN, BLACK, LIQUID GEL INK, 0.5MM NEEDLE TIP, PENTEL ENERJEL BRAND', 'STAPLER, HEAVY DUTY', 'TAPE MASKING 1"", 24MM', 'TAPE, TRANSPARENT, 1"" 24 MM ARMAK BRAND', 'TAPE, TRANSPARENT, 2  24 MM ARMAK BRAND ""', 'TONER CARTRDGE, HP LASER JET 85A (CE285AC) (P1102)', 'TONER, CART. HP 127FN, HP83A', 'PAPER BOND WHITE LONG, 70 GSM PG 8-1/2 X 13""""', 'PAPER BOND ,WHITE, SHORT, 70 GSM']"
17-05-333,AMS,"['ALCOHOL, RUBBING, 70%', 'AIR FRESHNER', 'CORRECTION TAPE, DISPOSABLE, USABLE LENGTH OF 6MTRS. THICKNESS', 'MARKING PEN PERMANENT BLACK', 'PENCIL LEAD W/ ERASER', 'TOILET, TISSUE PAPER, 2PLY SHEET/12RLS /PACK', 'TONER CARTRDGE, HP LASER JET 85A (CE285AC) (P1102)', 'TONER HP LASERJET PRINT CARTRIDGE 3050/Q2612AC', 'PAPER BOND ,WHITE, SHORT, 70 GSM']"
17-06-381,ARCD,"['ALCOHOL, RUBBING, 70%', 'BALLPEN FINE POINT RED', 'MAGAZINE FILE, LONG DBM', 'TAPE MASKING 1"", 24MM', 'TAPE, TRANSPARENT, 1"" 24 MM ARMAK BRAND', 'TONER FOR  KYOCERA MITA, MODEL KM-2820 (TK-135)', 'PAPER BOND WHITE LONG, 70 GSM PG 8-1/2 X 13""""']"
17-01-060,ARO,"['ALCOHOL, RUBBING, 70%', 'BALLPEN FINE POINT BLACK (12pcs./Box)', 'CORRECTION TAPE, DISPOSABLE, USABLE LENGTH OF 6MTRS. THICKNESS', 'FOLDER LONG TAG BOARD 14 POINTS LEGAL SIZE', 'MARKING PEN PERMANENT BLACK', 'MOUSE. OPTICAL, USB CONNECTION TYPE, 400 DPI, PLUG AND PLAY: GENIUS NETSCROLL BRAND', 'RECORD BOOK , 300 PAGES', 'SIGNPEN, BLACK, LIQUID GEL INK, 0.5MM NEEDLE TIP, PENTEL ENERJEL BRAND', 'TAPE MASKING 1"", 24MM', 'TAPE, TRANSPARENT, 1"" 24 MM ARMAK BRAND', 'TOILET, TISSUE PAPER, 2PLY SHEET/12RLS /PACK', 'TONER CARTRDGE, HP LASER JET 85A (CE285AC) (P1102)', 'TONER HP LASERJET PRINT CARTRIDGE 35A', 'PAPER BOND WHITE LONG, 70 GSM PG 8-1/2 X 13""""', 'PAPER BOND WHITE SHORT, SUBS. A4 GOOD QUALITY']"
17-03-206,ARO,"['ALCOHOL, RUBBING, 70%', 'INK DESKJET , CANNON FIXMA MX366 PG810 , BLACK', 'INK DESKJET , CANNON FIXMA MX366 PG811 , COLORED', 'MARKING PEN PERMANENT BLACK', 'SIGNPEN, BLACK, LIQUID GEL INK, 0.5MM NEEDLE TIP, PENTEL ENERJEL BRAND', 'TAPE, TRANSPARENT, 1"" 24 MM ARMAK BRAND', 'TOILET, TISSUE PAPER, 2PLY SHEET/12RLS /PACK', 'TONER CARTRDGE, HP LASER JET 85A (CE285AC) (P1102)', 'TONER HP LASERJET PRINT CARTRIDGE 35A', 'TAPE, PACKAGING, 2""']"
17-01-012,BAC,"['ALCOHOL, RUBBING, 70%', 'TAPE, TRANSPARENT, 1"" 24 MM ARMAK BRAND', 'TOILET, TISSUE PAPER, 2PLY SHEET/12RLS /PACK', 'TONER, COPIER KYOCERA FS-6525MFP  TK-479', 'PAPER BOND WHITE LONG, 70 GSM PG 8-1/2 X 13""""']"
17-01-079,BAC,"['ALCOHOL, RUBBING, 70%', 'CLIP, BACKFOLD, 19MM ("") ALL METAL, 12PCS/BOX', 'CLIP, BACKFOLD, 25MM (1"") ALL METAL, 12PCS/BOX', 'INDEX TAB, SELF-ADHESIVE', 'RING BINDER, 12.7mm x 1.12m (1/2""x 44""), plastic 10pcs/pack', 'RING BINDER, 19mm x 1.12m(3/4""x 44""), plastic"" 10pcs/pack', 'CORRECTION TAPE, DISPOSABLE, USABLE LENGTH OF 6MTRS. THICKNESS', 'CALCULATOR, 12 DIGITS, TWO WAY POWER', 'MAGAZINE FILE, W/ COVER, (cartile w/ operable cover holds up to A4 and Legal)', 'SIGNPEN, BLACK, LIQUID GEL INK, 0.5MM NEEDLE TIP, PENTEL ENERJEL BRAND', 'TAPE DISPENCER, HEAVY DUTY 25MM (1) WIDTH TRANS. TAPE ""', 'TOILET, TISSUE PAPER, 2PLY SHEET/12RLS /PACK', 'TONER HP LASERJET PRINT CARTRIDGE 3050/Q2612AC', 'TONER, COPIER KYOCERA FS-6525MFP  TK-479', 'PAPER BOND WHITE LONG, 70 GSM PG 8-1/2 X 13""""']"
17-02-141,BAC,"['STAMP PAD, INK, 50ml', 'FASTENER, METAL', 'INDEX TAB, SELF-ADHESIVE', 'STAPLE WIRE, Standard, No.35', 'AIR FRESHNER', 'RING BINDER, 25mm x 1.12m (1""x 44""), plastic"" 10pcs/pack', 'NOTE PAD, STICK-ON (3X3"") 100 SHEETS PER PAD""', 'CALCULATOR, SCIENTIFIC, 10 + 2 DIGITS CAP. DOT MATRIX, TWO WAY(SOLAR/CELL TYPE) ADRITE BRAND', 'ERASER, BLACKBOARD', 'ERASER, RUBBER, RECTANGULAR, PLATON BRAND', 'FAN, ELECTRIC, with STAND TYPE', 'MARKER, HIGHLIGHTER ASSORTED, NON TOXIC SMELL', 'RULER, 18""', 'STAPLER, BINDER TYPE HEAVY DUTY,  STAPLING, 12MM AND 17MM, CAP: 25-135 SHEETS OF 70GSM BOND PAPER', 'TONER, COPIER KYOCERA FS-6525MFP  TK-479']"
17-05-328,BAC,"['CLIP PAPER, GEM TYPE 50MM (2""), VINYL COATED, 100/BOX RAINBOW', 'CLIP, BACKFOLD, 19MM ("") ALL METAL, 12PCS/BOX', 'CLIP, BACKFOLD, 25MM (1"") ALL METAL, 12PCS/BOX', 'CLIP, BACKFOLD, 32MM(1 1/4)  ALL METAL, 12PCS/BOX', 'STAMP PAD', 'STAPLER, BINDER TYPE HEAVY DUTY,  STAPLING, 12MM AND 17MM, CAP: 25-135 SHEETS OF 70GSM BOND PAPER', 'TAPE MASKING 1"", 24MM', 'TAPE, TRANSPARENT, 1"" 24 MM ARMAK BRAND', 'PAPER BOND WHITE LONG, 70 GSM PG 8-1/2 X 13""""']"
17-05-306,BATAAN BRANCH,"['TONER CARTRDGE, HP LASER JET 85A (CE285AC) (P1102)']"
17-06-373,BATAAN BRANCH,"['TONER CARTRDGE, HP LASER JET 85A (CE285AC) (P1102)']"
17-06-380,BATAAN BRANCH,"['GLUE,  ALL PURPOSE IN JAR W/APPLICATOR 300 GRAMS', 'CHALK WHITE DUSTLESS, DURA SMOOTH, 100/BXS', 'CLIP PAPER, GEM TYPE 32MM (1""), VINYL COATED, 100/BOX RAINBOW', 'FASTENER, PLASTIC PRINCE', 'PUSH PIN, FLAT HEAD TYPE , ASSORTED COLORS, 100PCS/CASE', 'STAPLE WIRE, Standard, No.35', 'CORRECTION TAPE, DISPOSABLE, USABLE LENGTH OF 6MTRS. THICKNESS', 'FOLDER LONG TAG BOARD 14 POINTS LEGAL SIZE', 'INK EPSON L110 (BLACK)', 'INK EPSON L110 (CYAN)', 'INK EPSON L110 (MAGENTA)', 'INK EPSON L110 (YELLOW)', 'RECORD BOOK , 300 PAGES', 'TAPE MASKING 1"", 24MM', 'TAPE, ELECRICAL', 'TAPE, TRANSPARENT, 1"" 24 MM ARMAK BRAND', 'TAPE, TRANSPARENT, 2  24 MM ARMAK BRAND ""', 'PAPER BOND WHITE LONG, 70 GSM PG 8-1/2 X 13""""', 'PAPER MIMEOGRAPH GROUNDWOOD, 216MM X 330MM, 60GSM']"
17-03-207,BATANGAS,"['GLUE,  ALL PURPOSE IN JAR W/APPLICATOR 300 GRAMS', 'STAPLE WIRE, Standard, No.35', 'LOOSELEAF COVER W/ PAPER CLOTH STRAP, GREEN 8 1/2 X 14 (50pcs/Pack)', 'BALLPEN FINE POINT BLACK (12pcs./Box)', 'ENVELOPE DOCUMENTARY -GOLDEN KRAFT BROWN LONG 10 X 15', 'ENVELOPE DOCUMENTARY SHORT 150 GSM 9 X 12', 'FOLDER LONG TAG BOARD 14 POINTS LEGAL SIZE', 'FOLDER SHORT TAG BOARD 14 POINTS LETTER SIZE', 'MARKING PEN PERMANENT BLACK', 'SCISSORS, 158MM MIN. LENGTH, SYMMETRICAL, JOY BRAND', 'TAPE MASKING 2"", 48MM', 'TONER HP LASERJET PRINT CARTRIDGE 3050/Q2612AC', 'PAPER BOND WHITE LONG, 70 GSM PG 8-1/2 X 13""""', 'PAPER BOND ,WHITE, SHORT, 70 GSM']"
18-03-121,Bids and Awards Committee Secretariat,"['ALCOHOL, RUBBING, 70%', 'STAPLE WIRE, Standard, No.35', 'PAPER BOND, WHITE, LONG,MULTI-COPY, 80GSM, 8&frac12;&quot; x 13&quot; (500sheets/Ream)']"
17-02-119,BSO,"['CLIP, BACKFOLD, 50MM(2)  ALL METAL, 12PCS/BOX', 'ENVELOPE DOCUMENTARY -GOLDEN KRAFT BROWN LONG 10 X 15', 'ENVELOPE DOCUMENTARY SHORT 150 GSM 9 X 12', 'FOLDER SHORT TAG BOARD 14 POINTS LETTER SIZE', 'SIGNPEN, BLACK, LIQUID GEL INK, 0.5MM NEEDLE TIP, PENTEL ENERJEL BRAND', 'TOILET, TISSUE PAPER, 2PLY SHEET/12RLS /PACK', 'PAPER BOND ,WHITE, SHORT, 70 GSM']"
17-03-213,BSO,"['FLASH DRIVE 16GB, USB VERSION 2.0 PORT COMPATIBLE, PLUG AND PLAY APACER BRAND', 'CLIP, BACKFOLD, 25MM (1"") ALL METAL, 12PCS/BOX', 'CLIP, BACKFOLD, 32MM(1 1/4)  ALL METAL, 12PCS/BOX', 'FASTENER, PLASTIC PRINCE', 'ENVELOPE DOCUMENTARY SHORT 150 GSM 9 X 12', 'SIGNPEN, BLACK, LIQUID GEL INK, 0.5MM NEEDLE TIP, PENTEL ENERJEL BRAND', 'TOILET, TISSUE PAPER, 2PLY SHEET/12RLS /PACK', 'TONER CARTRIDGE, HP 05A , CE505A', 'PAPER BOND WHITE LONG, 70 GSM PG 8-1/2 X 13""""']"
17-04-279,BSO,"['TOILET, TISSUE PAPER, 2PLY SHEET/12RLS /PACK', 'TONER CARTRIDGE, HP 05A , CE505A', 'TONER, CART. HP 127FN, HP83A', 'PAPER BOND WHITE LONG, 70 GSM PG 8-1/2 X 13""""', 'PAPER BOND ,WHITE, SHORT, 70 GSM']"
18-03-095,Budget Services Office,"['ALCOHOL, RUBBING, 70%', 'SIGNPEN, BLACK, LIQUID GEL INK, 0.5MM NEEDLE TIP, PENTEL ENERJEL BRAND', 'SIGNPEN, BLUE, LIQUID GEL INK, 0.5MM NEEDLE TIP, PENTEL ENERJEL BRAND', 'TAPE, TRANSPARENT, 1"" 24 MM ARMAK BRAND', 'PAPER BOND ,WHITE, SHORT, 70 GSM']"
17-05-297,C M O,"['TONER CARTRDGE, HP LASER JET 85A (CE285AC) (P1102)']"
17-01-041,CAFA,"['TONER CARTRIDGE, MX-23FTBA, BLACK', 'TONER CARTRIDGE, MX-23FTCA, CYAN', 'TONER CARTRIDGE, MX-23FTMA, MAGENTA', 'TONER CARTRIDGE, MX-23FTYA, YELLOW']"
17-02-103,CAFA,"['CLIP PAPER, GEM TYPE 32MM (1""), VINYL COATED, 100/BOX RAINBOW', 'CLIP PAPER, GEM TYPE 50MM (2""), VINYL COATED, 100/BOX RAINBOW', 'CLIP, BACKFOLD, 25MM (1"") ALL METAL, 12PCS/BOX', 'CLIP, BACKFOLD, 50MM(2)  ALL METAL, 12PCS/BOX', 'MARKING PEN PERMANENT BLACK', 'MARKING PEN PERMANENT RED', 'TAPE MASKING 1"", 24MM', 'TAPE, TRANSPARENT, 1"" 24 MM ARMAK BRAND', 'PAPER BOND WHITE LONG, 70 GSM PG 8-1/2 X 13""""', 'PAPER BOND ,WHITE, SHORT, 70 GSM']"
17-04-260,CAFA,"['CLIP, BACKFOLD, 25MM (1"") ALL METAL, 12PCS/BOX', 'CLIP, BACKFOLD, 50MM(2)  ALL METAL, 12PCS/BOX', 'ENVELOPE DOCUMENTARY -GOLDEN KRAFT BROWN LONG 10 X 15', 'ENVELOPE DOCUMENTARY SHORT 150 GSM 9 X 12', 'MARKING PEN PERMANENT BLACK', 'MARKING PEN PERMANENT RED', 'TAPE MASKING 1"", 24MM', 'PAPER BOND WHITE LONG, 70 GSM PG 8-1/2 X 13""""', 'PAPER BOND ,WHITE, SHORT, 70 GSM']"
17-04-276,CAFA,"['CLIP, BACKFOLD, 25MM (1"") ALL METAL, 12PCS/BOX', 'CLIP, BACKFOLD, 50MM(2)  ALL METAL, 12PCS/BOX', 'MARKING PEN PERMANENT BLACK', 'TAPE MASKING 1"", 24MM', 'TAPE, TRANSPARENT, 1"" 24 MM ARMAK BRAND', 'PAPER BOND WHITE LONG, 70 GSM PG 8-1/2 X 13""""', 'PAPER BOND ,WHITE, SHORT, 70 GSM']"
17-05-305,CAFA,"['MARKING PEN PERMANENT BLACK', 'MARKING PEN PERMANENT RED', 'STAPLER, HEAVY DUTY', 'TONER CARTRDGE, HP LASER JET 85A (CE285AC) (P1102)']"
17-06-369,CAFA,"['GLUE,  ALL PURPOSE IN JAR W/APPLICATOR 300 GRAMS', 'CLIP PAPER, GEM TYPE 32MM (1""), VINYL COATED, 100/BOX RAINBOW', 'CLIP PAPER, GEM TYPE 50MM (2""), VINYL COATED, 100/BOX RAINBOW', 'CLIP, BACKFOLD, 25MM (1"") ALL METAL, 12PCS/BOX', 'CLIP, BACKFOLD, 50MM(2)  ALL METAL, 12PCS/BOX', 'CORRECTION TAPE, DISPOSABLE, USABLE LENGTH OF 6MTRS. THICKNESS', 'MARKING PEN PERMANENT BLACK', 'MARKING PEN PERMANENT RED']"
17-06-403,CAFA,['MARKING PEN PERMANENT RED']
17-01-099,CAL,"['ALCOHOL, RUBBING, 70%', 'GLUE,  ALL PURPOSE IN JAR W/APPLICATOR 300 GRAMS', 'RUBBER BAND', 'BALLPEN FINE POINT BLACK (12pcs./Box)', 'TAPE MASKING 1"", 24MM', 'TAPE, TRANSPARENT, 1"" 24 MM ARMAK BRAND', 'TOILET, TISSUE PAPER, 2PLY SHEET/12RLS /PACK', 'TONER HP LASERJET PRINT CARTRIDGE 3050/Q2612AC', 'PAPER BOND WHITE LONG, 70 GSM PG 8-1/2 X 13""""', 'PAPER BOND ,WHITE, SHORT, 70 GSM']"
17-01-100,CAL,"['FAN, ELECTRIC, with STAND TYPE']"
17-03-183,CAL,"['INKJET CARTRIDGE, HP704, BLACK', 'INKJET CARTRIDGE,HP704, COLORED', 'INKJET CARTRIDGE, HP704, BLACK', 'INKJET CARTRIDGE,HP704, COLORED']"
17-04-275,CAL,"['ALCOHOL, RUBBING, 70%', 'GLUE,  ALL PURPOSE IN JAR W/APPLICATOR 300 GRAMS', 'RUBBER BAND', 'BALLPEN FINE POINT BLUE', 'TAPE MASKING 1"", 24MM', 'TAPE, TRANSPARENT, 2  24 MM ARMAK BRAND ""', 'PAPER BOND WHITE LONG, 70 GSM PG 8-1/2 X 13""""', 'PAPER BOND ,WHITE, SHORT, 70 GSM']"
17-01-006,CBA,"['INKJET CARTRIDGE, HP #CD887AA (HP703)/D730/SERIES#736 BLACK', 'INKJET CARTRIDGE, HP #CD888AA (HP703)/D730/SERIES#735 COLORED']"
17-01-063,CBA,"['ALCOHOL, RUBBING, 70%', 'CLIP, BACKFOLD, 50MM(2)  ALL METAL, 12PCS/BOX', 'AIR FRESHNER', 'TONER CARTRIDGE, MX-238FTI-3A, MODEL AR-6023N, BLACK', 'BALLPEN FINE POINT BLACK (12pcs./Box)', 'CORRECTION FLUID WATER BASE 15 ML', 'CORRECTION TAPE, DISPOSABLE, USABLE LENGTH OF 6MTRS. THICKNESS', 'ENVELOPE DOCUMENTARY -GOLDEN KRAFT BROWN LONG 10 X 15', 'INKJET CARTRIDGE, HP #CD887AA (HP703)/D730/SERIES#736 BLACK', 'INKJET CARTRIDGE, HP #CD888AA (HP703)/D730/SERIES#735 COLORED', 'SIGNPEN, BLACK, LIQUID GEL INK, 0.5MM NEEDLE TIP, PENTEL ENERJEL BRAND', 'TAPE MASKING 1"", 24MM', 'TAPE, TRANSPARENT, 1"" 24 MM ARMAK BRAND', 'TOILET, TISSUE PAPER, 2PLY SHEET/12RLS /PACK', 'PAPER BOND WHITE LONG, 70 GSM PG 8-1/2 X 13""""', 'PAPER BOND WHITE SHORT, SUBS. A4 GOOD QUALITY']"
17-01-078,CBA,"['ALCOHOL, RUBBING, 70%', 'AIR FRESHNER', 'BALLPEN FINE POINT BLACK (12pcs./Box)', 'CORRECTION TAPE, DISPOSABLE, USABLE LENGTH OF 6MTRS. THICKNESS', 'ENVELOPE DOCUMENTARY -GOLDEN KRAFT BROWN LONG 10 X 15', 'INKJET CARTRIDGE, HP #CD887AA (HP703)/D730/SERIES#736 BLACK', 'INKJET CARTRIDGE, HP #CD888AA (HP703)/D730/SERIES#735 COLORED', 'SIGNPEN, BLACK, LIQUID GEL INK, 0.5MM NEEDLE TIP, PENTEL ENERJEL BRAND', 'TAPE MASKING 1"", 24MM', 'TAPE, TRANSPARENT, 1"" 24 MM ARMAK BRAND', 'TOILET, TISSUE PAPER, 2PLY SHEET/12RLS /PACK', 'PAPER BOND WHITE LONG, 70 GSM PG 8-1/2 X 13""""']"
17-02-154,CBA,"['STAPLER, HEAVY DUTY', 'TOILET, TISSUE PAPER, 2PLY SHEET/12RLS /PACK', 'PAPER BOND ,WHITE, SHORT, 70 GSM', 'PAPER, MIMEO WHITE WOVE 70 GSM, LONG']"
17-03-233,CBA,"['TONER CARTRIDGE, MX-237FT', 'PUSH PIN, FLAT HEAD TYPE , ASSORTED COLORS, 100PCS/CASE', 'RUBBER BAND', 'BALLPEN FINE POINT BLACK (12pcs./Box)', 'CARTOLINA, ASSORTED COLORS', 'INK EPSON L110 (CYAN)', 'INK EPSON L110 (MAGENTA)', 'INK EPSON L110 (YELLOW)', 'TAPE MASKING 1"", 24MM']"
17-05-332,CBA,"['CLIP PAPER, GEM TYPE 32MM (1""), VINYL COATED, 100/BOX RAINBOW', 'CLIP PAPER, GEM TYPE 50MM (2""), VINYL COATED, 100/BOX RAINBOW', 'CLIP, BACKFOLD, 50MM(2)  ALL METAL, 12PCS/BOX', 'ACETATE, TRANSPARENT. 1.20 MTRS. MIN. WIDTH, 50meters/roll', 'CARTOLINA, ASSORTED COLORS', 'CORRECTION TAPE, DISPOSABLE, USABLE LENGTH OF 6MTRS. THICKNESS', 'ENVELOPE DOCUMENTARY -GOLDEN KRAFT BROWN LONG 10 X 15', 'ENVELOPE DOCUMENTARY SHORT 150 GSM 9 X 12', 'ENVELOPE EXPANDING, LONG', 'FOLDER LONG TAG BOARD 14 POINTS LEGAL SIZE', 'PENCIL LEAD W/ ERASER', 'TAPE, TRANSPARENT, 1"" 24 MM ARMAK BRAND', 'PAPER BOND WHITE LONG, 70 GSM PG 8-1/2 X 13""""', 'PAPER BOND ,WHITE, SHORT, 70 GSM']"
17-01-071,CCIS,"['ALCOHOL, RUBBING, 70%', 'CLIP PAPER, GEM TYPE 32MM (1""), VINYL COATED, 100/BOX RAINBOW', 'FASTENER, METAL', 'STAPLE WIRE, Standard, No.35', 'DVD, REWRITABLE', 'ENVELOPE DOCUMENTARY -GOLDEN KRAFT BROWN LONG 10 X 15', 'ERASER, BLACKBOARD', 'FLASH DRIVE 16GB, USB VERSION 2.0 PORT COMPATIBLE, PLUG AND PLAY APACER BRAND', 'FOLDER LONG TAG BOARD 14 POINTS LEGAL SIZE', 'FOLDER SHORT TAG BOARD 14 POINTS LETTER SIZE', 'INK EPSON L110 (BLACK)', 'INK EPSON L110 (CYAN)', 'INK EPSON L110 (MAGENTA)', 'INK EPSON L110 (YELLOW)', 'MAGAZINE FILE, LONG DBM', 'MARKING PEN PERMANENT BLACK', 'MARKING PEN WHITEBOARD, BLACK', 'RECORD BOOK , 300 PAGES', 'SIGNPEN, BLACK, LIQUID GEL INK, 0.5MM NEEDLE TIP, PENTEL ENERJEL BRAND', 'TAPE MASKING 1"", 24MM', 'TOILET, TISSUE PAPER, 2PLY SHEET/12RLS /PACK', 'TAPE, PACKAGING, 2""', 'PAPER BOND WHITE LONG, 70 GSM PG 8-1/2 X 13""""']"
17-04-253,CCIS,"['ALCOHOL, RUBBING, 70%', 'GLUE,  ALL PURPOSE IN JAR W/APPLICATOR 300 GRAMS', 'STAMP PAD, INK, 50ml', 'CHALK WHITE DUSTLESS, DURA SMOOTH, 100/BXS', 'CLIP PAPER, GEM TYPE 32MM (1""), VINYL COATED, 100/BOX RAINBOW', 'CLIP PAPER, GEM TYPE 50MM (2""), VINYL COATED, 100/BOX RAINBOW', 'CLIP, BACKFOLD, 19MM ("") ALL METAL, 12PCS/BOX', 'FASTENER, PLASTIC PRINCE', 'INDEX TAB, SELF-ADHESIVE', 'RUBBER BAND', 'STAPLE WIRE, Standard, No.35', 'BALLPEN FINE POINT BLACK (12pcs./Box)', 'BALLPEN FINE POINT BLUE', 'BALLPEN FINE POINT RED', 'FOLDER LONG TAG BOARD 14 POINTS LEGAL SIZE', 'MARKER, HIGHLIGHTER ASSORTED, NON TOXIC SMELL', 'MARKING PEN PERMANENT BLACK', 'MARKING PEN PERMANENT BLUE', 'MARKING PEN PERMANENT RED', 'RECORD BOOK , 300 PAGES', 'STAPLE WIRE, REMOVER', 'TAPE MASKING 1"", 24MM', 'TAPE, TRANSPARENT, 1"" 24 MM ARMAK BRAND', 'TONER CARTRIDGE, HP LASER JET 1200 C7115A BLACK', 'TONER, COPIER KYOCERA FS-6525MFP  TK-479', 'TONER, KYOCERA ECOSYS FS-1040, TK-1114', 'PAPER BOND WHITE LONG, 70 GSM PG 8-1/2 X 13""""', 'PAPER BOND ,WHITE, SHORT, 70 GSM', 'PAPER, MIMEO WHITE WOVE 70 GSM, LONG']"
17-05-337,CCIS,"['ALCOHOL, RUBBING, 70%', 'CLIP PAPER, GEM TYPE 32MM (1""), VINYL COATED, 100/BOX RAINBOW', 'FASTENER, PLASTIC PRINCE', 'STAPLE WIRE, Standard, No.35', 'DVD, REWRITABLE', 'ENVELOPE DOCUMENTARY -GOLDEN KRAFT BROWN LONG 10 X 15', 'ERASER, BLACKBOARD', 'FOLDER LONG TAG BOARD 14 POINTS LEGAL SIZE', 'FOLDER SHORT TAG BOARD 14 POINTS LETTER SIZE', 'INK EPSON L110 (BLACK)', 'INK EPSON L110 (CYAN)', 'INK EPSON L110 (MAGENTA)', 'INK EPSON L110 (YELLOW)', 'MAGAZINE FILE, LONG DBM', 'MARKING PEN PERMANENT BLACK', 'RECORD BOOK , 300 PAGES', 'TAPE MASKING 1"", 24MM', 'TAPE, PACKAGING, 2""', 'PAPER BOND WHITE LONG, 70 GSM PG 8-1/2 X 13""""', 'PAPER BOND ,WHITE, SHORT, 70 GSM', 'PAPER BOND WHITE SHORT, SUBS. A4 GOOD QUALITY']"
17-01-077,CCW,"['ALCOHOL, RUBBING, 70%', 'STAPLE WIRE, Standard, No.35', 'FLASH DRIVE 16GB, USB VERSION 2.0 PORT COMPATIBLE, PLUG AND PLAY APACER BRAND', 'MARKING PEN PERMANENT BLACK', 'SCISSORS, 158MM MIN. LENGTH, SYMMETRICAL, JOY BRAND', 'SIGNPEN, BLACK, LIQUID GEL INK, 0.5MM NEEDLE TIP, PENTEL ENERJEL BRAND', 'TAPE, PACKAGING, 2""', 'TONER, KYOCERA ECOSYS FS-1040, TK-1114', 'PAPER BOND WHITE LONG, 70 GSM PG 8-1/2 X 13""""']"
17-03-226,CCW,"['ALCOHOL, RUBBING, 70%', 'CLIP, BACKFOLD, 25MM (1"") ALL METAL, 12PCS/BOX', 'CLIP, BACKFOLD, 50MM(2)  ALL METAL, 12PCS/BOX', 'DATING MACHINE, STAMP', 'ENVELOPE DOCUMENTARY -GOLDEN KRAFT BROWN LONG 10 X 15', 'ENVELOPE EXPANDING, LONG', 'FAN, ELECTRIC, with STAND TYPE', 'MARKING PEN PERMANENT BLACK', 'MAGAZINE FILE, W/ COVER, (cartile w/ operable cover holds up to A4 and Legal)', 'SCISSORS, 158MM MIN. LENGTH, SYMMETRICAL, JOY BRAND', 'TAPE, PACKAGING, 2""', 'PAPER BOND WHITE LONG, 70 GSM PG 8-1/2 X 13""""']"
17-01-054,CDPSO,"['TONER CARTRDGE, HP LASER JET 85A (CE285AC) (P1102)']"
17-03-235,CDPSO,"['MAGAZINE FILE, LONG DBM', 'ALCOHOL, RUBBING, 70%', 'STAPLE WIRE, Standard, No.35', 'NOTE PAD, STICK-ON (3X3"") 100 SHEETS PER PAD""', 'BALLPEN FINE POINT BLUE', 'CALCULATOR, 12 DIGITS, TWO WAY POWER', 'DATA FOLDER, LONG', 'ENVELOPE DOCUMENTARY -GOLDEN KRAFT BROWN LONG 10 X 15', 'ENVELOPE, MAILING, WHITE,  500/BX LONG', 'ENVELOPE, MAILING, WINDOW,  WHITE,  500/BX LONG', 'FAN, ELECTRIC, with STAND TYPE', 'FOLDER, PRESSBOARD , SHORT PAPER BOARD.,100/PACK', 'L-TYPE PLASTIC FOLDER', 'MAGAZINE FILE, LONG DBM', 'MARKER, HIGHLIGHTER ASSORTED, NON TOXIC SMELL', 'MARKING PEN PERMANENT BLACK', 'SCISSORS, 158MM MIN. LENGTH, SYMMETRICAL, JOY BRAND', 'STAPLER, HEAVY DUTY', 'TAPE MASKING 1"", 24MM', 'TOILET, TISSUE PAPER, 2PLY SHEET/12RLS /PACK', 'TONER FOR  KYOCERA MITA, MODEL KM-2820 (TK-135)', 'TAPE, PACKAGING, 2""', 'WASTE BASKET, NON-RIGID PLASTIC, SQUARE, OVAL OR ROUND SHAPE, ASSORTED COLORS', 'PAPER BOND WHITE LONG, 70 GSM PG 8-1/2 X 13""""', 'PAPER BOND ,WHITE, SHORT, 70 GSM']"
18-03-076,Center for Language and Literature Studies,"['ALCOHOL, RUBBING, 70%', 'RUBBER BAND', 'AIR FRESHNER', 'BALLPEN FINE POINT BLACK (12pcs./Box)', 'BALLPEN FINE POINT BLUE', 'CALCULATOR, 12 DIGITS, TWO WAY POWER', 'ENVELOPE EXPANDING, LONG', 'FOLDER, PRESSBOARD , LEGAL PAPER BOARD.,100/PACK', 'MARKER, HIGHLIGHTER ASSORTED, NON TOXIC SMELL', 'MARKING PEN PERMANENT BLACK', 'MARKING PEN PERMANENT BLUE', 'PENCIL SHARPENER', 'RECORD BOOK , 300 PAGES', 'RULER, 18""', 'SIGNPEN, BLACK, LIQUID GEL INK, 0.5MM NEEDLE TIP, PENTEL ENERJEL BRAND', 'STAPLER, HEAVY DUTY', 'TAPE MASKING 1"", 24MM', 'TAPE MASKING 2"", 48MM', 'TAPE, PACKAGING, 2""', 'TAPE, TRANSPARENT, 1"" 24 MM ARMAK BRAND', 'TAPE, TRANSPARENT, 2  24 MM ARMAK BRAND ""', 'PAPER BOND ,WHITE, SHORT, 70 GSM', 'CUTTER BLADE, HEAVY DUTY 18MM WIDTH, 10PCS/TUBE']"
18-03-091,Center for Peace and Poverty Alleviation and Community Development Studies,"['CLIP, BACKFOLD, 25MM (1"") ALL METAL, 12PCS/BOX', 'CLIP, BACKFOLD, 50MM(2)  ALL METAL, 12PCS/BOX', 'CARTOLINA, ASSORTED COLORS', 'ENVELOPE EXPANDING, LONG', 'FAN, ELECTRIC, with STAND TYPE']"
17-03-218,CES,"['TONER, CART. HP 127FN, HP83A']"
17-01-020,CHK,"['GLUE,  ALL PURPOSE IN JAR W/APPLICATOR 300 GRAMS', 'STAMP PAD, INK, 50ml', 'CHALK WHITE DUSTLESS, DURA SMOOTH, 100/BXS', 'CARTOLINA, ASSORTED COLORS', 'ENVELOPE EXPANDING, LONG', 'FOLDER LONG TAG BOARD 14 POINTS LEGAL SIZE', 'FOLDER SHORT TAG BOARD 14 POINTS LETTER SIZE', 'TAPE MASKING 1"", 24MM', 'TAPE, TRANSPARENT, 1"" 24 MM ARMAK BRAND', 'TONER CARTRDGE, HP LASER JET 85A (CE285AC) (P1102)', 'TAPE, PACKAGING, 2""']"
17-02-124,CHK,"['PUNCHER', 'STAPLER, HEAVY DUTY', 'TOILET, TISSUE PAPER, 2PLY SHEET/12RLS /PACK']"
17-01-004,CLSR/ISTR,"['PUSH PIN, FLAT HEAD TYPE , ASSORTED COLORS, 100PCS/CASE', 'MAGAZINE FILE, LONG DBM']"
17-01-059,CMCISR,"['MAGAZINE FILE, LONG DBM']"
17-01-003,CMO,"['STAMP PAD, INK, 50ml', 'CLIP PAPER, GEM TYPE 32MM (1""), VINYL COATED, 100/BOX RAINBOW', 'CLIP, BACKFOLD, 19MM ("") ALL METAL, 12PCS/BOX', 'CLIP, BACKFOLD, 25MM (1"") ALL METAL, 12PCS/BOX', 'CLIP, BACKFOLD, 32MM(1 1/4)  ALL METAL, 12PCS/BOX', 'RUBBER BAND', 'BALLPEN FINE POINT BLACK (12pcs./Box)', 'CORRECTION TAPE, DISPOSABLE, USABLE LENGTH OF 6MTRS. THICKNESS', 'DVD, REWRITABLE', 'INK EPSON L110 (BLACK)', 'INK EPSON L110 (CYAN)', 'INK EPSON L110 (MAGENTA)', 'INK EPSON L110 (YELLOW)', 'MAGAZINE FILE, LONG DBM', 'MARKING PEN WHITEBOARD, BLACK', 'SIGNPEN, BLACK, LIQUID GEL INK, 0.5MM NEEDLE TIP, PENTEL ENERJEL BRAND', 'TOILET, TISSUE PAPER, 2PLY SHEET/12RLS /PACK', 'TONER CARTRDGE, HP LASER JET 85A (CE285AC) (P1102)', 'WASTE BASKET, NON-RIGID PLASTIC, SQUARE, OVAL OR ROUND SHAPE, ASSORTED COLORS', 'PAPER BOND WHITE LONG, 70 GSM PG 8-1/2 X 13""""', 'PAPER BOND WHITE SHORT, SUBS. A4 GOOD QUALITY']"
17-01-082,CMO,"['BATTERY (AA) 2pcs/pack', 'BATTERY (AAA) 2pcs/pack', 'TOILET, TISSUE PAPER, 2PLY SHEET/12RLS /PACK', 'TONER CARTRDGE, HP LASER JET 85A (CE285AC) (P1102)', 'HARD DRIVE, EXTERNAL, 1TB, 2.5mm HDD, 3.0 USB']"
17-02-130,CMO,"['CLIP, BACKFOLD, 25MM (1"") ALL METAL, 12PCS/BOX', 'CLIP, BACKFOLD, 50MM(2)  ALL METAL, 12PCS/BOX', 'TAPE MASKING 1"", 24MM', 'TAPE, TRANSPARENT, 1"" 24 MM ARMAK BRAND', 'PAPER BOND ,WHITE, SHORT, 70 GSM']"
17-06-410,CMO,"['CLIP PAPER, GEM TYPE 32MM (1""), VINYL COATED, 100/BOX RAINBOW', 'CLIP PAPER, GEM TYPE 50MM (2""), VINYL COATED, 100/BOX RAINBOW', 'DVD, REWRITABLE', 'FOLDER LONG TAG BOARD 14 POINTS LEGAL SIZE', 'MAGAZINE FILE, LONG DBM', 'PUNCHER', 'TAPE MASKING 1"", 24MM']"
17-02-133,COA,"['ALCOHOL, RUBBING, 70%', 'CLIP, BACKFOLD, 25MM (1"") ALL METAL, 12PCS/BOX', 'RUBBER BAND', 'NOTE PAD, STICK-ON (3X3"") 100 SHEETS PER PAD""', 'DATA FOLDER, LONG', 'STAPLER, HEAVY DUTY', 'PAPER BOND WHITE SHORT, SUBS. A4 GOOD QUALITY']"
17-03-195,COC,"['ALCOHOL, RUBBING, 70%', 'FASTENER, PLASTIC PRINCE', 'STAPLE WIRE, Standard, No.35', 'BALLPEN FINE POINT BLACK (12pcs./Box)', 'ENVELOPE DOCUMENTARY -GOLDEN KRAFT BROWN LONG 10 X 15', 'ERASER, BLACKBOARD', 'FOLDER LONG TAG BOARD 14 POINTS LEGAL SIZE', 'INK CARTRIDGE FOR HP 840C/845 #C6615A(HP 15) BLACK', 'MARKING PEN PERMANENT BLACK', 'SIGNPEN, BLACK, LIQUID GEL INK, 0.5MM NEEDLE TIP, PENTEL ENERJEL BRAND', 'TAPE MASKING 2"", 48MM', 'TOILET, TISSUE PAPER, 2PLY SHEET/12RLS /PACK', 'PAPER BOND WHITE LONG, 70 GSM PG 8-1/2 X 13""""', 'PAPER BOND ,WHITE, SHORT, 70 GSM']"
17-05-316,COC,"['ALCOHOL, RUBBING, 70%', 'FASTENER, METAL', 'STAPLE WIRE, Standard, No.35', 'CORRECTION TAPE, DISPOSABLE, USABLE LENGTH OF 6MTRS. THICKNESS', 'DATA FOLDER, LONG', 'ERASER, BLACKBOARD', 'PENCIL LEAD W/ ERASER', 'TAPE MASKING 2"", 48MM', 'TAPE, TRANSPARENT, 2  24 MM ARMAK BRAND ""', 'TONER HP LASERJET PRINT CARTRIDGE 3050/Q2612AC', 'PAPER BOND WHITE LONG, 70 GSM PG 8-1/2 X 13""""', 'PAPER BOND ,WHITE, SHORT, 70 GSM']"
17-05-354,COC,"['PUSH PIN, FLAT HEAD TYPE , ASSORTED COLORS, 100PCS/CASE', 'ENVELOPE DOCUMENTARY SHORT 150 GSM 9 X 12', 'ENVELOPE DOCUMENTARY SHORT 150 GSM 9 X 12', 'FOLDER LONG TAG BOARD 14 POINTS LEGAL SIZE', 'FOLDER SHORT TAG BOARD 14 POINTS LETTER SIZE', 'INK EPSON L110 (BLACK)', 'INK EPSON L110 (CYAN)', 'INK EPSON L110 (MAGENTA)', 'INK EPSON L110 (YELLOW)', 'MARKING PEN PERMANENT BLACK', 'MARKING PEN PERMANENT BLUE', 'MARKING PEN PERMANENT RED', 'RECORD BOOK , 300 PAGES', 'PAPER BOND WHITE LONG, 70 GSM PG 8-1/2 X 13""""', 'PAPER BOND ,WHITE, SHORT, 70 GSM']"
17-01-085,COE,"['FASTENER, METAL', 'RUBBER BAND', 'STAPLE WIRE, Standard, No.35', 'FOLDER, PRESSBOARD , SHORT PAPER BOARD.,100/PACK', 'INK EPSON L110 (BLACK)', 'INK EPSON L110 (CYAN)', 'INK EPSON L110 (MAGENTA)', 'INK EPSON L110 (YELLOW)', 'TONER CARTRDGE, HP LASER JET 85A (CE285AC) (P1102)', 'TONER, COPIER KYOCERA FS-6525MFP  TK-479', 'PAPER BOND WHITE LONG, 70 GSM PG 8-1/2 X 13""""', 'PAPER BOND WHITE SHORT, SUBS. A4 GOOD QUALITY']"
17-02-105,COE,"['GLUE,  ALL PURPOSE IN JAR W/APPLICATOR 300 GRAMS', 'CHALK WHITE DUSTLESS, DURA SMOOTH, 100/BXS', 'FASTENER, METAL', 'STAPLE WIRE, Standard, No.35', 'RING BINDER, 19mm x 1.12m(3/4""x 44""), plastic"" 10pcs/pack', 'FAN, ELECTRIC, ORBIT TYPE  18diameter', 'FOLDER LONG TAG BOARD 14 POINTS LEGAL SIZE', 'MAGAZINE FILE, LONG DBM', 'MARKING PEN PERMANENT BLACK', 'MARKING PEN PERMANENT RED', 'STAPLER, HEAVY DUTY', 'TAPE MASKING 1"", 24MM', 'TAPE, TRANSPARENT, 1"" 24 MM ARMAK BRAND', 'TONER, KYOCERA ECOSYS FS-1040, TK-1114', 'PAPER BOND WHITE LONG, 70 GSM PG 8-1/2 X 13""""', 'PAPER BOND ,WHITE, SHORT, 70 GSM']"
17-02-112,COE,"['FOLDER LONG TAG BOARD 14 POINTS LEGAL SIZE', 'MARKING PEN PERMANENT BLACK', 'PAPER BOND ,WHITE, SHORT, 70 GSM']"
17-02-168,COE,"['CHALK WHITE DUSTLESS, DURA SMOOTH, 100/BXS', 'AIR FRESHNER', 'BALLPEN FINE POINT BLACK (12pcs./Box)', 'ENVELOPE DOCUMENTARY -GOLDEN KRAFT BROWN LONG 10 X 15', 'ERASER, BLACKBOARD', 'FOLDER LONG TAG BOARD 14 POINTS LEGAL SIZE', 'TAPE MASKING 1"", 24MM', 'TAPE, TRANSPARENT, 1"" 24 MM ARMAK BRAND', 'TONER, COPIER KYOCERA FS-6525MFP  TK-479', 'PAPER BOND WHITE LONG, 70 GSM PG 8-1/2 X 13""""', 'PAPER BOND ,WHITE, SHORT, 70 GSM', 'MAGAZINE FILE, W/ COVER, (cartile w/ operable cover holds up to A4 and Legal)', 'FAN, ELECTRIC, ORBIT TYPE  18diameter']"
17-04-287,COE,"['GLUE,  ALL PURPOSE IN JAR W/APPLICATOR 300 GRAMS', 'RUBBER BAND', 'BALLPEN FINE POINT BLACK (12pcs./Box)', 'CORRECTION TAPE, DISPOSABLE, USABLE LENGTH OF 6MTRS. THICKNESS', 'ENVELOPE DOCUMENTARY -GOLDEN KRAFT BROWN LONG 10 X 15', 'ENVELOPE DOCUMENTARY SHORT 150 GSM 9 X 12', 'MARKER, HIGHLIGHTER ASSORTED, NON TOXIC SMELL', 'MARKING PEN PERMANENT BLACK', 'PENCIL SHARPENER', 'RECORD BOOK , 300 PAGES', 'STAPLE WIRE, REMOVER', 'TAPE MASKING 1"", 24MM', 'TAPE, TRANSPARENT, 1"" 24 MM ARMAK BRAND', 'TONER CARTRDGE, HP LASER JET 85A (CE285AC) (P1102)', 'PAPER BOND WHITE LONG, 70 GSM PG 8-1/2 X 13""""', 'PAPER BOND ,WHITE, SHORT, 70 GSM']"
17-05-314,COE,"['FAN, ELECTRIC, TABLE/DESK/FLOOR TYPE', 'TONER, KYOCERA ECOSYS FS-1040, TK-1114', 'PAPER BOND WHITE LONG, 70 GSM PG 8-1/2 X 13""""', 'PAPER BOND ,WHITE, SHORT, 70 GSM']"
17-05-362,COE,"['RUBBER BAND', 'INK EPSON L110 (BLACK)', 'INK EPSON L110 (CYAN)', 'INK EPSON L110 (MAGENTA)', 'TONER CARTRDGE, HP LASER JET 85A (CE285AC) (P1102)', 'PAPER BOND WHITE LONG, 70 GSM PG 8-1/2 X 13""""']"
17-02-125,COE/CED,"['CLIP PAPER, GEM TYPE 32MM (1""), VINYL COATED, 100/BOX RAINBOW', 'FASTENER, METAL', 'STAPLE WIRE, Standard, No.35', 'INK EPSON L110 (BLACK)', 'INK EPSON L110 (CYAN)', 'INK EPSON L110 (MAGENTA)', 'INK EPSON L110 (YELLOW)', 'TAPE, TRANSPARENT, 1"" 24 MM ARMAK BRAND', 'TONER, KYOCERA ECOSYS FS-1040, TK-1114', 'PAPER BOND WHITE LONG, 70 GSM PG 8-1/2 X 13""""', 'PAPER BOND ,WHITE, SHORT, 70 GSM']"
17-04-289,COE/CED,"['RUBBER BAND', 'AIR FRESHNER', 'RING BINDER, 19mm x 1.12m(3/4""x 44""), plastic"" 10pcs/pack', 'BALLPEN FINE POINT BLUE', 'FOLDER LONG TAG BOARD 14 POINTS LEGAL SIZE', 'INK EPSON L110 (BLACK)', 'INK EPSON L110 (CYAN)', 'INK EPSON L110 (MAGENTA)', 'INK EPSON L110 (YELLOW)', 'PUNCHER', 'TONER CARTRDGE, HP LASER JET 85A (CE285AC) (P1102)', 'TONER, COPIER KYOCERA FS-6525MFP  TK-479', 'TONER, KYOCERA ECOSYS FS-1040, TK-1114', 'WASTE BASKET, NON-RIGID PLASTIC, SQUARE, OVAL OR ROUND SHAPE, ASSORTED COLORS', 'PAPER BOND WHITE LONG, 70 GSM PG 8-1/2 X 13""""', 'PAPER BOND ,WHITE, SHORT, 70 GSM']"
17-01-095,COE/ECE,"['INK EPSON L110 (BLACK)', 'INK EPSON L110 (CYAN)', 'INK EPSON L110 (MAGENTA)', 'INK EPSON L110 (YELLOW)', 'TONER CARTRDGE, HP LASER JET 85A (CE285AC) (P1102)', 'TONER, KYOCERA ECOSYS FS-1040, TK-1114', 'PAPER BOND WHITE LONG, 70 GSM PG 8-1/2 X 13""""', 'PAPER BOND ,WHITE, SHORT, 70 GSM']"
17-01-016,COED,"['ALCOHOL, RUBBING, 70%', 'CORRECTION TAPE, DISPOSABLE, USABLE LENGTH OF 6MTRS. THICKNESS', 'MAGAZINE FILE, W/ COVER, (cartile w/ operable cover holds up to A4 and Legal)', 'SIGNPEN, BLACK, LIQUID GEL INK, 0.5MM NEEDLE TIP, PENTEL ENERJEL BRAND', 'TAPE, TRANSPARENT, 1"" 24 MM ARMAK BRAND', 'TOILET, TISSUE PAPER, 2PLY SHEET/12RLS /PACK', 'PAPER BOND WHITE LONG, 70 GSM PG 8-1/2 X 13""""', 'PAPER BOND WHITE SHORT, SUBS. A4 GOOD QUALITY']"
17-02-111,COED,['ENVELOPE DOCUMENTARY -GOLDEN KRAFT BROWN LONG 10 X 15']
17-02-138,COED,['ENVELOPE DOCUMENTARY SHORT 150 GSM 9 X 12']
17-02-139,COED,['ENVELOPE DOCUMENTARY SHORT 150 GSM 9 X 12']
17-02-157,COED,"['STAMP PAD, INK, 50ml', 'BALLPEN FINE POINT BLACK (12pcs./Box)', 'STAMP PAD', 'PAPER BOND WHITE LONG, 70 GSM PG 8-1/2 X 13""""']"
17-02-172,COED,"['ALCOHOL, RUBBING, 70%', 'MOUSE. OPTICAL, USB CONNECTION TYPE, 400 DPI, PLUG AND PLAY: GENIUS NETSCROLL BRAND', 'SIGNPEN, BLACK, LIQUID GEL INK, 0.5MM NEEDLE TIP, PENTEL ENERJEL BRAND', 'STAMP PAD', 'TOILET, TISSUE PAPER, 2PLY SHEET/12RLS /PACK', 'PAPER BOND WHITE LONG, 70 GSM PG 8-1/2 X 13""""', 'PAPER BOND ,WHITE, SHORT, 70 GSM']"
17-03-221,COED,"['ALCOHOL, RUBBING, 70%', 'CLIP PAPER, GEM TYPE 32MM (1""), VINYL COATED, 100/BOX RAINBOW', 'CLIP PAPER, GEM TYPE 50MM (2""), VINYL COATED, 100/BOX RAINBOW', 'INK EPSON L110 (BLACK)', 'INK EPSON L110 (CYAN)', 'INK EPSON L110 (MAGENTA)', 'INK EPSON L110 (YELLOW)', 'RECORD BOOK , 300 PAGES', 'TAPE MASKING 1"", 24MM', 'PAPER BOND WHITE LONG, 70 GSM PG 8-1/2 X 13""""', 'PAPER BOND ,WHITE, SHORT, 70 GSM', 'FOLDER SHORT TAG BOARD 14 POINTS LETTER SIZE', 'CLIP PAPER, GEM TYPE 32MM (1""), VINYL COATED, 100/BOX RAINBOW', 'CLIP PAPER, GEM TYPE 50MM (2""), VINYL COATED, 100/BOX RAINBOW', 'FASTENER, METAL', 'FOLDER LONG TAG BOARD 14 POINTS LEGAL SIZE', 'INK EPSON L110 (BLACK)', 'INK EPSON L110 (CYAN)', 'INK EPSON L110 (MAGENTA)', 'INK EPSON L110 (YELLOW)', 'TAPE MASKING 1"", 24MM', 'PAPER BOND WHITE LONG, 70 GSM PG 8-1/2 X 13""""', 'PAPER BOND ,WHITE, SHORT, 70 GSM']"
17-04-263,COED,"['CLIP PAPER, GEM TYPE 32MM (1""), VINYL COATED, 100/BOX RAINBOW', 'FASTENER, METAL', 'INK EPSON L110 (BLACK)', 'INK EPSON L110 (CYAN)', 'INK EPSON L110 (MAGENTA)', 'INK EPSON L110 (YELLOW)', 'MAGAZINE FILE, LONG DBM', 'MARKING PEN PERMANENT BLACK', 'RECORD BOOK , 300 PAGES', 'PAPER BOND WHITE LONG, 70 GSM PG 8-1/2 X 13""""', 'PAPER BOND ,WHITE, SHORT, 70 GSM']"
17-04-291,COED,"['ALCOHOL, RUBBING, 70%', 'GLUE,  ALL PURPOSE IN JAR W/APPLICATOR 300 GRAMS', 'CORRECTION TAPE, DISPOSABLE, USABLE LENGTH OF 6MTRS. THICKNESS', 'MAGAZINE FILE, LONG DBM', 'TOILET, TISSUE PAPER, 2PLY SHEET/12RLS /PACK']"
17-05-307,COED,"['DATA FOLDER, LONG', 'MARKER, HIGHLIGHTER ASSORTED, NON TOXIC SMELL', 'PENCIL LEAD W/ ERASER', 'TAPE, TRANSPARENT, 1"" 24 MM ARMAK BRAND']"
17-02-132,COED/GS,"['ALCOHOL, RUBBING, 70%', 'DATA FOLDER, LONG', 'FLASH DRIVE 16GB, USB VERSION 2.0 PORT COMPATIBLE, PLUG AND PLAY APACER BRAND', 'STAPLE WIRE, REMOVER', 'TOILET, TISSUE PAPER, 2PLY SHEET/12RLS /PACK']"
17-05-352,COED/GS,"['GLUE,  ALL PURPOSE IN JAR W/APPLICATOR 300 GRAMS', 'ENVELOPE DOCUMENTARY -GOLDEN KRAFT BROWN LONG 10 X 15', 'ENVELOPE DOCUMENTARY SHORT 150 GSM 9 X 12', 'ENVELOPE, MAILING, WHITE,  500/BX LONG', 'FOLDER LONG TAG BOARD 14 POINTS LEGAL SIZE', 'FOLDER SHORT TAG BOARD 14 POINTS LETTER SIZE', 'MARKING PEN WHITEBOARD, RED', 'PENCIL LEAD W/ ERASER', 'RULER, 24""', 'TAPE MASKING 1"", 24MM', 'TAPE, TRANSPARENT, 1"" 24 MM ARMAK BRAND', 'PAPER BOND WHITE LONG, 70 GSM PG 8-1/2 X 13""""', 'PAPER BOND ,WHITE, SHORT, 70 GSM']"
17-01-039,CoL,"['ALCOHOL, RUBBING, 70%', 'GLUE,  ALL PURPOSE IN JAR W/APPLICATOR 300 GRAMS', 'CLIP PAPER, GEM TYPE 50MM (2""), VINYL COATED, 100/BOX RAINBOW', 'FASTENER, METAL', 'CORRECTION TAPE, DISPOSABLE, USABLE LENGTH OF 6MTRS. THICKNESS', 'FLASH DRIVE 16GB, USB VERSION 2.0 PORT COMPATIBLE, PLUG AND PLAY APACER BRAND', 'INK EPSON L110 (BLACK)', 'INK EPSON L110 (CYAN)', 'INK EPSON L110 (MAGENTA)', 'INK EPSON L110 (YELLOW)', 'RECORD BOOK , 300 PAGES', 'RULER, 18""', 'SCISSORS, 158MM MIN. LENGTH, SYMMETRICAL, JOY BRAND', 'SIGNPEN, BLACK, LIQUID GEL INK, 0.5MM NEEDLE TIP, PENTEL ENERJEL BRAND', 'SIGNPEN, RED, LIQUID GEL INK, 0.5MM NEEDLE TIP, PENTEL ENERJEL BRAND', 'STAMP PAD', 'TOILET, TISSUE PAPER, 2PLY SHEET/12RLS /PACK', 'TONER CARTRDGE, HP LASER JET 85A (CE285AC) (P1102)', 'PAPER BOND WHITE LONG, 70 GSM PG 8-1/2 X 13""""', 'PAPER BOND WHITE SHORT, SUBS. A4 GOOD QUALITY']"
17-03-187,CoL,"['ALCOHOL, RUBBING, 70%', 'MARKER, HIGHLIGHTER ASSORTED, NON TOXIC SMELL', 'RECORD BOOK , 300 PAGES', 'SCISSORS, 158MM MIN. LENGTH, SYMMETRICAL, JOY BRAND', 'STAPLE WIRE, REMOVER', 'TAPE MASKING 1"", 24MM', 'TAPE, TRANSPARENT, 1"" 24 MM ARMAK BRAND', 'TOILET, TISSUE PAPER, 2PLY SHEET/12RLS /PACK', 'PAPER BOND WHITE LONG, 70 GSM PG 8-1/2 X 13""""', 'PAPER BOND ,WHITE, SHORT, 70 GSM', 'ALCOHOL, RUBBING, 70%']"
17-05-348,COL,"['ALCOHOL, RUBBING, 70%', 'INK EPSON L110 (BLACK)', 'INK EPSON L110 (CYAN)', 'INK EPSON L110 (MAGENTA)', 'INK EPSON L110 (YELLOW)']"
17-06-396,COL,"['ALCOHOL, RUBBING, 70%', 'CLIP PAPER, GEM TYPE 50MM (2""), VINYL COATED, 100/BOX RAINBOW', 'ENVELOPE DOCUMENTARY -GOLDEN KRAFT BROWN LONG 10 X 15', 'ENVELOPE, MAILING, WHITE,  500/BX LONG', 'TAPE, TRANSPARENT, 1"" 24 MM ARMAK BRAND', 'TONER CARTRDGE, HP LASER JET 85A (CE285AC) (P1102)', 'PAPER BOND WHITE LONG, 70 GSM PG 8-1/2 X 13""""', 'CUTTER BLADE, HEAVY DUTY 18MM WIDTH, 10PCS/TUBE']"
17-01-089,COL OF ACCOUNTANCY,"['MAGAZINE FILE, LONG DBM', 'PAPER, MIMEO WHITE WOVE 70 GSM, LONG']"
17-01-037,COL. OF ACCOUNTANCY,"['ALCOHOL, RUBBING, 70%', 'CHALK WHITE DUSTLESS, DURA SMOOTH, 100/BXS', 'STAPLE WIRE, Standard, No.35', 'AIR FRESHNER', 'PAPER, RULED PAD, 216MMX330, 90 SHEETS/PAD', 'CORRECTION FLUID WATER BASE 15 ML', 'CORRECTION TAPE, DISPOSABLE, USABLE LENGTH OF 6MTRS. THICKNESS', 'ENVELOPE EXPANDING, LONG', 'ERASER, BLACKBOARD', 'FLASH DRIVE 16GB, USB VERSION 2.0 PORT COMPATIBLE, PLUG AND PLAY APACER BRAND', 'FOLDER LONG TAG BOARD 14 POINTS LEGAL SIZE', 'FOLDER, PRESSBOARD , LEGAL PAPER BOARD.,100/PACK', 'INK EPSON L110 (BLACK)', 'INK EPSON L110 (CYAN)', 'INK EPSON L110 (MAGENTA)', 'INK EPSON L110 (YELLOW)', 'INK COPYPRINTER, BLACK, GESTETNER MODEL 5307/5308/3440/5430, CPI 7', 'MARKER, HIGHLIGHTER ASSORTED, NON TOXIC SMELL', 'MARKING PEN PERMANENT BLACK', 'MASTER COPY PRINTER, CMPT 17 MODEL 5307/5308 GESTETNER', 'MAGAZINE FILE, W/ COVER, (cartile w/ operable cover holds up to A4 and Legal)', 'RECORD BOOK , 300 PAGES', 'RULER, 18""', 'SCISSORS, 158MM MIN. LENGTH, SYMMETRICAL, JOY BRAND', 'SIGNPEN, BLACK, LIQUID GEL INK, 0.5MM NEEDLE TIP, PENTEL ENERJEL BRAND', 'STAPLE WIRE, REMOVER', 'TAPE, TRANSPARENT, 1"" 24 MM ARMAK BRAND', 'TOILET, TISSUE PAPER, 2PLY SHEET/12RLS /PACK', 'TONER CARTRDGE, HP LASER JET 85A (CE285AC) (P1102)', 'TONER HP LASERJET PRINT CARTRIDGE 3050/Q2612AC', 'PAPER BOND WHITE LONG, 70 GSM PG 8-1/2 X 13""""', 'TWINE, PLASTIC, ONE KL. PER ROLL']"
17-02-014,College of Accountancy and Finance,"['ALCOHOL, RUBBING, 70%', 'GLUE,  ALL PURPOSE IN JAR W/APPLICATOR 300 GRAMS', 'CHALK WHITE DUSTLESS, DURA SMOOTH, 100/BXS', 'CLIP PAPER, GEM TYPE 50MM (2""), VINYL COATED, 100/BOX RAINBOW', 'CLIP, BACKFOLD, 19MM ("") ALL METAL, 12PCS/BOX', 'CLIP, BACKFOLD, 25MM (1"") ALL METAL, 12PCS/BOX', 'CLIP, BACKFOLD, 32MM(1 1/4)  ALL METAL, 12PCS/BOX', 'CLIP, BACKFOLD, 50MM(2)  ALL METAL, 12PCS/BOX', 'FASTENER, METAL', 'PUSH PIN, FLAT HEAD TYPE , ASSORTED COLORS, 100PCS/CASE', 'RING BINDER, 12.7mm x 1.12m (1/2""x 44""), plastic 10pcs/pack', 'BALLPEN FINE POINT BLACK (12pcs./Box)', 'CARTOLINA, ASSORTED COLORS', 'ENVELOPE EXPANDING, LONG', 'ENVELOPE, MAILING, WHITE,  500/BX LONG', 'INK CARTRIDGE, GESTETNER DX2430, BLACK', 'L-TYPE PLASTIC FOLDER', 'MARKING PEN PERMANENT BLACK', 'PUNCHER', 'SIGNPEN, BLACK, LIQUID GEL INK, 0.5MM NEEDLE TIP, PENTEL ENERJEL BRAND', 'SIGNPEN, RED, LIQUID GEL INK, 0.5MM NEEDLE TIP, PENTEL ENERJEL BRAND', 'STAPLER, BINDER TYPE HEAVY DUTY,  STAPLING, 12MM AND 17MM, CAP: 25-135 SHEETS OF 70GSM BOND PAPER', 'TAPE MASKING 1"", 24MM', 'TAPE, PACKAGING, 2""', 'TAPE, TRANSPARENT, 1"" 24 MM ARMAK BRAND', 'TAPE, TRANSPARENT, 2  24 MM ARMAK BRAND ""', 'TONER CARTRDGE, HP LASER JET 85A (CE285AC) (P1102)', 'CUTTER BLADE, HEAVY DUTY 18MM WIDTH, 10PCS/TUBE', 'INK CARTRIDGE, GESTETNER DX2430, BLACK', 'INK CARTRIDGE, GESTETNER DX2430, BLACK']"
17-02-014,College of Arts and Letters,"['ENVELOPE DOCUMENTARY -GOLDEN KRAFT BROWN LONG 10 X 15', 'ENVELOPE EXPANDING, LONG']"
18-03-034,College of Business Administration,"['GLUE,  ALL PURPOSE IN JAR W/APPLICATOR 300 GRAMS', 'AIR FRESHNER', 'INSECTICIDE, MULTI INSECT KILLER, KILLS FLYING AND CRAWLING INSECTS', 'FOLDER, PRESSBOARD , LEGAL PAPER BOARD.,100/PACK', 'INK EPSON L110 (CYAN)', 'MOUSE. OPTICAL, USB CONNECTION TYPE, 400 DPI, PLUG AND PLAY: GENIUS NETSCROLL BRAND', 'PAPER BOND ,WHITE, SHORT, 70 GSM', 'PAPER, MIMEO WHITE WOVE 70 GSM, LONG', 'PAPER BOND, WHITE, LONG,MULTI-COPY, 80GSM, 8&frac12;&quot; x 13&quot; (500sheets/Ream)']"
18-03-124,College of Communication,"['ALCOHOL, RUBBING, 70%', 'GLUE,  ALL PURPOSE IN JAR W/APPLICATOR 300 GRAMS', 'CHALK WHITE DUSTLESS, DURA SMOOTH, 100/BXS', 'CLIP PAPER, GEM TYPE 50MM (2""), VINYL COATED, 100/BOX RAINBOW', 'CLIP, BACKFOLD, 19MM ("") ALL METAL, 12PCS/BOX', 'CLIP, BACKFOLD, 25MM (1"") ALL METAL, 12PCS/BOX', 'FASTENER, METAL', 'INDEX TAB, SELF-ADHESIVE', 'AIR FRESHNER', 'BALLPEN FINE POINT BLACK (12pcs./Box)', 'BALLPEN FINE POINT BLUE', 'ERASER, RUBBER, RECTANGULAR, PLATON BRAND', 'FOLDER, PRESSBOARD , LEGAL PAPER BOARD.,100/PACK', 'FOLDER, FANCY , LEGAL  SIZE PAPER DOC .,50/PACK', 'MAGAZINE FILE, LONG DBM', 'MARKER, HIGHLIGHTER ASSORTED, NON TOXIC SMELL', 'MARKING PEN PERMANENT BLACK', 'MARKING PEN PERMANENT BLUE', 'SIGNPEN, BLUE, LIQUID GEL INK, 0.5MM NEEDLE TIP, PENTEL ENERJEL BRAND', 'PAPER BOND, WHITE, LONG,MULTI-COPY, 80GSM, 8&frac12;&quot; x 13&quot; (500sheets/Ream)']"
18-04-168,College of Computer and Information Sciences,"['ALCOHOL, RUBBING, 70%', 'CLIP PAPER, GEM TYPE 50MM (2""), VINYL COATED, 100/BOX RAINBOW', 'CLIP, BACKFOLD, 19MM ("") ALL METAL, 12PCS/BOX', 'CLIP, BACKFOLD, 32MM(1 1/4)  ALL METAL, 12PCS/BOX', 'CLIP, BACKFOLD, 50MM(2)  ALL METAL, 12PCS/BOX', 'RING BINDER, 12.7mm x 1.12m (1/2""x 44""), plastic 10pcs/pack', 'RING BINDER, 19mm x 1.12m(3/4""x 44""), plastic"" 10pcs/pack', 'PAPER, RULED PAD, 216MMX330, 90 SHEETS/PAD', 'BALLPEN FINE POINT BLACK (12pcs./Box)', 'BALLPEN FINE POINT BLUE', 'DATING MACHINE, STAMP', 'ENVELOPE, MAILING, WINDOW,  WHITE,  500/BX LONG', 'FOLDER, PRESSBOARD , LEGAL PAPER BOARD.,100/PACK', 'MARKER, HIGHLIGHTER ASSORTED, NON TOXIC SMELL', 'MARKING PEN PERMANENT BLACK', 'MARKING PEN PERMANENT BLUE', 'MOUSE. OPTICAL, USB CONNECTION TYPE, 400 DPI, PLUG AND PLAY: GENIUS NETSCROLL BRAND', 'PENCIL SHARPENER', 'PUNCHER', 'SIGNPEN, BLACK, LIQUID GEL INK, 0.5MM NEEDLE TIP, PENTEL ENERJEL BRAND', 'SIGNPEN, BLUE, LIQUID GEL INK, 0.5MM NEEDLE TIP, PENTEL ENERJEL BRAND', 'TAPE, ELECRICAL', 'TONER, COPIER KYOCERA FS-6525MFP  TK-479', 'PAPER, MIMEO WHITE WOVE 70 GSM, LONG', 'PAPER BOND, WHITE, LONG,MULTI-COPY, 80GSM, 8&frac12;&quot; x 13&quot; (500sheets/Ream)']"
18-02-027,College of Education,"['ALCOHOL, RUBBING, 70%', 'GLUE,  ALL PURPOSE IN JAR W/APPLICATOR 300 GRAMS', 'STAMP PAD, INK, 50ml', 'CLIP PAPER, GEM TYPE 50MM (2""), VINYL COATED, 100/BOX RAINBOW', 'RUBBER BAND', 'STAPLE WIRE, Standard, No.35', 'AIR FRESHNER']"
